{
  "minecraft:recipes/decorations/crafting_table": {
    "criteria": {
      "unlock_right_away": "2024-08-11 23:53:22 +0000"
    },
    "done": true
  },
  "minecraft:adventure/adventuring_time": {
    "criteria": {
      "minecraft:frozen_ocean": "2024-08-11 23:54:39 +0000",
      "minecraft:frozen_river": "2024-08-11 23:54:03 +0000",
      "minecraft:snowy_plains": "2024-08-11 23:53:22 +0000",
      "minecraft:snowy_beach": "2024-08-11 23:54:36 +0000"
    },
    "done": false
  },
  "DataVersion": 3953
}